class_code,title,content,class
1,羊咩咩咖啡廳正式誕生！別懷疑，是真的羊陪你喝咖啡,我們看過貓咪咖啡廳、兔子咖啡廳、貓頭鷹咖啡廳，但這次太超過了啦！首爾出現的這家羊咩咩咖啡廳直接請羊陪你喝咖啡。搭著羊年的熱潮，Thanks Nature Cafe開設了首家羊咩咩咖啡廳，引起不少話題。透過與羊的互動，提供了長期居住市區的人，親近動物的管道。店內提供咖啡與甜點，牆上掛滿羊的畫作，而羊在店內可以自由走動。不過受限於厚重的毛，只在氣溫較低時才會與顧客一起喝咖啡。是說雜誌不會被吃掉嗎？（驚）,動物
1,衛生紙有幾包準備幾包，“失蹤的狗”是一分鐘的催淚彈,這一分鐘短片名為“失蹤的狗”，一天之內就已造成網路爆紅。廣告界的人都知道，世界杯的電視廣告是兵家必爭之地，而歷年來最著名的焦點之一就是走溫情路線的百威啤酒廣告。廣告才放上Youtube，就立馬兩百萬的點閱量。“失蹤的狗”描述一段狗馬的友情，在命運的安排下被迫分開…背景音樂為經典歌曲500 Miles，象徵狗狗的長途跋涉。先爆個雷：有野狼出現！,動物
1,拼命想救活路邊死魚！台灣小狗感動上萬人,"這隻不斷朝著死魚潑水，希望能救活牠們的狗，今天登上了時代雜誌、爆紅網路。人皆有惻隱之心，那狗呢？這隻狗不斷舀取路面積水，用鼻子灑在地上幾隻死魚的身上，希望藉此來挽救這些生命。儘管使盡全力，魚對狗的救援行動似乎並沒有太大的反應看完很想給狗拍拍啊！背景疑似台灣漁港港邊，並聽得到有人以台語表示""魚活起來了啦""、""要破皮了（指狗鼻子）""。",動物
1,Google的新廣告，是不同的動物們接受彼此、一起玩耍,這支影片已經把世界上所有的「可愛」收集完了。Android手機作業系統打的新廣告收集了許多不同種類的動物接納彼此不同、一起開心玩耍的畫面其中包括幫狗偷食物的小鳥、幫狗開門的貓、學羊一起挖洞的大象等等。這一分鐘的廣告名為“永遠的毛朋友（Friends Furever）”。廣告的標語為「在一起，不一樣」。簡單卻讓人快樂！:),動物
1,好奇的小貓誤闖大量小鴨的地盤，被當巨星對待,小貓誤闖裝滿小鴨的盒子，儼然被當成江蕙對待。我們都知道貓咪熱愛紙箱，這隻也不例外。然而，當小貓跨進箱子裡以後，卻發現箱子裡裝滿了大量的小鴨。小鴨看到小貓以後，一湧而上，面對自己在小箱子裡面爆紅，小貓臉上寫了四個字—“不知所措”。小鴨或許還太小，有種初生之犢不畏虎的衝勁，讓小貓完全招架不住，一隻一隻擊退後，卻又一隻一隻湧上,動物
1,自閉症女孩在鏡頭前崩潰，狗狗奮力阻止主人自殘,那些認為狗沒有感情的人，看完這支影片會乖乖閉嘴。24歲的自閉症女孩Danielle Jacobs勇敢地分享了她自己崩潰時的影片。影片中她失去控制、無法停止哭泣，甚至出手傷害自己，而一旁的狗狗（協助犬）則多次“出手”阻止崩潰主人的行為。她表示：這就是自閉症的樣貌。Danielle前年被診斷出自閉症，而將影片上傳的動機是希望喚起大眾意識。她也提到“請不要留言攻擊，這一切都是真實發生。對我來說敞開心胸分享自己每天發生的事情很不容易,動物
1,攝影機拍到主人離開以後，狗狗讓人難過的行為,當你發現狗狗在幹麻時，心情可能會變得有點沈重。主人Mike在出門前，為了想了解狗狗平常在家整天都在幹麻，於是把GoPro攝影機掛在狗狗脖子上。然而，誰也沒想到，拍到的畫面如此讓人難過。狗狗再三確認主人已遠遠離去之後，在家裡跑來跑去，最後跳到床上還殘留著主人氣味的衣服堆裡，對著天花板哀嚎。如果你有養狗，請當個負責的主人。,動物
1,這世界上沒有什麼比跳進水中的小狗還可愛了,"各位觀眾，請放下手邊工作，吃飯的放下湯匙、玩手機的放下手機、聊八卦的先暫緩片刻，因為這些水底小狗會是你看過最可愛的畫面！還記得2012年放泥就可介紹過的狗在水中接球的模樣嗎？當時面目猙獰的大狗們網路上爆紅，這次該攝影師Seth Casteel又帶來新作品！這次找來討喜的小狗來當主角。Casteel受訪時提到2012年的作品的成功是個偶然，之後他想著""那接下來該拍什麼才好？啊，小狗？""，於是這系列可愛程度爆表的攝影集就這樣誕生了！",動物
1,人貓戰爭結束！讓你貓咪從此不再跟你搶電腦的桌子,"有過上網時，貓咪不斷爬到你鍵盤上，幫你打出""sigqjidhgu woijd wgwe""之類的貓星人語言嗎？如果答案是肯定，那這張桌子就會是你的宿命。這是由來自中國杭州的設計師阮昊所設計的共用桌－貓桌，而共用的對象就是你跟你家貓咪。桌子除了舒適寬敞，並內建了渠道讓貓咪來去自如，讓你忙你的，貓咪忙貓咪的（養貓的都知道，貓咪可是日理萬很忙的 XD）。時代雜誌的網站將這個作品奉為最佳寫手桌子：跟貓咪玩的同時，又能完成一些寫作。從此人類與貓咪和平相處的日子",動物
1,狗狗偷走小孩玩具後自動道歉，道歉方式很天真…,"狗狗叼走小孩身邊的玩具以後，小孩放聲大哭，狗狗於是做了你想也想不到的天兵行為！這隻狗Charlie會讓你學會關於道歉的三兩事。問也沒問就偷走小孩玩具以後，小孩哭個不停，Charlie發現情勢不對，立刻採取補救措施。點下面的影片來看狗狗""不斷的""四處撿玩具丟給小孩當做道歉禮幾乎要把小孩淹沒了啊啊啊啊！",動物
1,台灣的寵物美容把小狗的頭剪成超完美正方形、圓形，萌翻各國鄉民,啊，好像表情符號貼紙啊！台灣的寵物美容院今天爆紅國際，因為這些經過修剪後的小狗們實在太可愛啦！這些小狗被寵物美容師依照主人的需求，頭部被剪成近乎完美的正方形、圓形。經過BuzzFeed等網站報導後，迅速爆紅。然而，也別忘了狗狗對自己的毛髮也是很重視的，下刀前別忘了多採納各方意見。怎麼辦，好想在正方形的頭上擺放東西啊！,動物
1,小狗打嗝時驚慌失措的反應，對人類來說不能再更可愛了,小狗：啊啊啊，到底是誰一直在偷推我！？除了貓星人的行為有時候讓人難以理解以外，小狗的行為有時候也不遑多讓。來跟這隻打嗝打個不停的Buck說聲嗨吧！小小一隻的Buck只要一打嗝，全身都會抖很大一下。可愛的地方在於，Buck顯然對此不太滿意。或許他認為他的小身體被惡魔附身之類，每打嗝一次，他都表達了強烈的不滿。嗝～（嚇）太另類了這反應 XD,動物
1,牠是印度大象Raju，平時靠著遊客的施捨為生，有時甚至吃塑膠和紙來填飽空空的胃。,"大象Raju被人類囚禁了五十年，重獲自由的牠眼淚如同涓涓細流看完身為人類不禁感到愧疚。是的，大象會哭。大象和人類一樣有著""大腦海馬區""（位於腦顳葉內），負責記憶並對情緒處理有非常重要的角色。大象是非常情緒化且聰明的動物，它們有悲傷、自我意識、記憶、語言等等。Wildlife SOS的創辦人Kartick Satyanarayan補充，部分眼淚相信是來自鐵鍊的痛，但牠似乎也感受到改變的到來。那是牠長久以來第一次感受到希望。到底是什麼樣的人認為自己有權利把這樣的鐵鍊套在任何動物上",動物
2,金正恩在孤兒院拍照時被大惡搞，完全沒有人發現,根據網站Mashable的報導，金正恩在上個月底造訪了北韓一間空蕩蕩的孤兒院時，有一張參訪照片看起來不太尋常。偉大領袖參訪孤兒院，如此悲天憫人的場面當然要拍個照給北韓民眾景仰，但是除了孤兒院中沒有半個孤兒相當詭異之外，照片中還有一個顯然被惡意安排的惡搞畫面。不管這位藏鏡人是誰，在此向您獻上最高的敬意！,影視名人
2,這15張圖沒有一句對白，卻證明了豆豆先生的搞笑威力,豆豆先生可以說是少數能夠突破文化隔閡，靠幽默風靡世界的經典喜劇角色。他有多威？下面這15張圖沒有半句對白也能讓你瞬間笑開！藝術家Rodney Pike透過強大的修圖技巧，將豆豆先生那張喜感滿分的臉置入各個知名的古典名畫中。顏色、光線、材質等都完美融入其中，唯一有違和感是，豆豆先生的表情。第11張手上拿的是內褲嗎？XD,影視名人
2,村上春樹回答“人生的意義是什麼”，答案會讓人安靜,人生的意義是什麼？這恐怕是科學都無法回答的問題。如果你現在腦中沒有確切的答案，參考看看日本文學大師村上春樹的看法吧！過去數個月以來，村上春樹在他的個人網站上回答了一卡車的問題。這些問題有的和他的書有關，有的則是很隨機，例如“人死後會是什麼狀態”、“支持同性婚姻嗎？”等（以上兩題的答案是：“我只想好好睡一覺”以及“是的，我支持同性婚姻”）。其中一個來自26歲讀者的問題，或許會讓所有村上迷好好省思：以下是村上春樹的回答：翻譯若錯誤還請提出指正。看完只覺得，當初沒follow錯作者。,影視名人
2,Katy Perry模仿藝妓被罵種族歧視，身為亞洲人的你覺得呢？,"昨天的Katy Perry扮成日本藝妓唱歌，引起嚴重撻伐。表演過程將中國、日本等國的文化全部混在一起，被冠上了""種族歧視""的惡名。這是昨晚全美音樂獎頒獎典禮時，Katy Perry的打扮與表演。播出後，評價非常兩極。你看出端倪了嗎？除了和服被開了洞露出""事業線""，這所謂的日式和服在領子跟剪裁的部分實際上反而更像中國旗袍，服裝的袖子、頭上的髮飾卻又是日式風。日本和服 美中日爆乳混血？此外，背景影片也出現天燈升天的場面。天燈雖然如同和服一樣也從古代中國傳入日本，但主要盛行地還是台灣、中國，與泰國。西方媒體雖然爭議不斷，但多數推特上的日本網友反應良好。然而，也有日本網友指出""我完全不懂為什麼她把和服當成中國服飾來穿""。你覺得呢？",影視名人
2,《哈利波特》裡的奈威修煉完成！已變成英國最性感的小鮮肉,哈利、榮恩都可以先退下了，因為《哈利波特》裡的奈威已經默默完成修煉，成為英國最新的話題人物。《哈利波特》的劇組我們從小看到大，哈利Daniel Radcliffe轉型成文青；妙麗Emma Watson成為女權鬥士；榮恩Rupert Grint和馬份Tom Felton也持續在電影圈中發光發熱。然而，比較少follow的奈威Matthew Lewis最近在他的Instagram上大秀身材，讓他的追隨者一個月暴增18萬人。名副其實的一道道小鮮肉（指 ↓）。臉上戲整個很多的一個人啊！,影視名人
2,你不曾看過的《鐵達尼號》刪除片段，劇情有點黑暗,看完只能說，好險導演把這段刪掉了啊！這充滿黑色幽默的劇情原本被安排在電影中，但最後並沒有收錄在成品中。根據網站Buzzfeed報導，《鐵達尼號》中，導演詹姆斯·卡麥隆原本在船沈沒之前埋了一個很黑暗的梗，最後卻在電影剪接時被刪除了。《鐵達尼號》為歷史上第一部票房破20億美元的電影。第二部則是多年後同位導演詹姆斯·卡麥隆所執導的《阿凡達》。只能說詹姆斯·卡麥隆導演玩笑開大了！請看下去。我們看到了瑪格麗特霸氣的跟服務生要冰塊，但是是的，你沒猜錯。好諷刺。太黑暗了啊啊啊啊！,影視名人
2,鄧不利多是gay！J.K.羅琳給了一個明顯到不行的解釋,多年以前，J.K.羅琳曾透露她心中的鄧不利多—一個《哈利波特》中重量級的角色之一—是Gay。當時引起一陣漣漪，到今天依然有人好奇：鄧不利多哪裡像gay？J.K.羅琳在2008年接受The Student的採訪時，表示「我一直以來都把鄧不利多當成Gay，但這無關緊要。這本書（指《哈利波特》）寫的不是鄧不利多是Gay。只是我從一開始就知道他這個很大、隱匿的秘密。」幾天前一位粉絲問道：@anakocovic21 J.K.羅琳雖然不太常回網友問題，但每次只要一回都是神回覆。這次她給了一個簡單答案：“因為Gay就跟一般人一樣？”@jk_rowling不譁眾取寵，卻完美無暇的答案是不是我們該對gay放下刻板印象的時候了呢？,影視名人
2,8位元版的《神隱少女》，看完讓你留下時代的眼淚,一聽到音樂就眼眶泛淚了啊！《神隱少女》的劇情讓不少人印象深刻，但回頭一看，這已經是13年前的作品了（吞銀杏）。如果你不想花兩個小時重新溫習這部經典動畫，可以看看這個由CineFix製作的4分半版本。這個版本以4分半解釋完所有劇情（谷阿莫表示：），但更有趣的是，整部影片使用了8位元電玩風格和MIDI音樂呈現。千尋被湯婆婆“破門接見”的經典畫面太傳神啦！,影視名人
3,這世界上有兩種人，你是哪一種？（第二彈）,左邊、右邊，你是哪一邊？這些可愛的插圖比較會讓你對人類產生好奇….到底為什麼會有人有分頁不開，硬要開新視窗啊！（搔）不久前放泥就可介紹過以飲食習慣做分類的二分法版本，現在有個部落格2kindsofpeople延續此一精神，並將之延伸到生活各個層面，像是手排 vs 自排、手機殼 vs 無手機殼、耳塞式耳機 vs 頭罩式耳機等等。透過可愛的插畫，生活中微不足道的小差異似乎也成了正經事。部落格背後的主人是來自葡萄牙里斯本的藝術總監@inoffensive。他在推特上對自己的描述是“性愛、藥、Helvetica Bold”……嗯，設計師無誤。你屬於哪一種人呢？不得不說這些插畫實在太可愛啦！,排名
3,20隻超強隱身術動物….雪豹到底在哪裡啦？,這不是隨機的風景照…你必須很聚精會神的看這些照片才能領悟奧義。這是由Demilked所整理出的神隱動物名單。大多數的動物不像我們一樣可以開心邊喝珍奶邊上網，而是必須面對物競天擇的壓力。為了躲避掠食者，許多動物都發展出了隱身術。別以為只有變色龍會這招，其實很多動物都有這個本領，很納悶為什麼你沒發現嗎？可能只是因為打從開始就找不到這些動物的身影…守宮。柳雷鳥。蟾蜍。毛毛蟲。海馬。蜘蛛。毛毛蟲。竹節蟲。青蛙。貓頭鷹。Tropidoderus Childrenii（竹節蟲的一種）葉尾壁虎。石鰈。大林鴟。雪豹。螽斯。貓頭鷹。長頸鹿。刺蝟,排名
3,日治時期 vs 現代對照，台灣的街景怎麼了？,撇開KANO與任何政治立場，這些圖看完會讓你依然想問：台灣怎麼了？在台灣的城市風景惡名昭彰的今天，很難想像原來我們曾經有這樣一段過去。兩年前基隆車站拉皮，一拉嚇壞了不少人。最近因為KANO上映，讓不少人重新回顧起日治時代的台灣。網友Yâu Bêng-Úi製作了日治時期的台灣與現今的台灣的市景對照圖。從圖片中可以看到，在短短五、六十年間，基隆、台北、嘉義、台南等地迅速淪陷…03.18.2014更新: 文字隨圖片轉載而來，為尊重原創而予以保留，並不代表本站立場。,排名
3,這些日本便當看似美味，仔細看才懂為何叫“報復便當”,日本人的報復方法level up！這些便當乍看下無異樣，但其實各個大有問題。有的白飯不足，有的白飯過多，有的用海苔寫上各種字樣。日本人有話不說的特性，讓他們衍生出了“報復便當”。不管你是什麼身份，只要你跟負責做便當的人吵架，你可能隔天就必須在學校或公司服用這充滿怨氣的便當。日本的國民便當菜色「日之丸便當」被“反白”，想酸死誰？大量梅子和一口少得可憐的白飯。配菜呢？配菜呢？（慌）雖然是“報復便當”，但打開應該會笑出來吧！這位受害者恐怕前一晚吵得很兇，生雞蛋是滿滿的怒氣啊！連白飯都不能吃了啊&#8230;<br雖然寫著“屎”，但當你很餓沒別的可吃時，也只能吃羞辱的最高境界。,排名
3,10種在飛機上睡覺的姿勢，你的最愛選擇是…？,在飛機上睡覺並不簡單，這10種飛機上睡覺的姿勢，你最尬意哪一種呢？私心推第3種，但很希望有朝一日能見到第4種啊！（誤）搭過長程飛機的人會懂！就算再吵再擠，你也別無選擇必須睡覺。如果你是屬於淺眠的人，一定有過姿勢換了又換，換了又換&#8230;直到不小心碰觸到某個舒服點才睡著的經驗。美國搞笑藝人Demetri Martin畫出了這10種飛機睡覺姿勢，選個喜歡的姿勢下次搭飛機時試試看吧，還是你有其他的秘招也別忘了分享上來！2. 橋梁式睡法3. 留校查看式睡法4. 人形蜈蚣式睡法5. Acapella合唱團式睡法6. 鄰居人很好式睡法7. 林波舞式睡法8. 剪頭髮式睡法9. Pierre式睡法10. 災難式睡法,排名
3,15個光看就能達到消暑效果的超沁涼日本甜點,最近的天氣讓人熱到發昏，身為島國的日本同樣受到濕氣加熱度的影響，熱浪一樣讓人難受不過秘密武器來了！除了吃冰棒、嗑挫冰以外，日本老祖先留傳下來不少抵擋高溫的甜點，有的經過改造後精緻得如同裝飾。網站RocketNews24找來其中15種光是用看的就涼一半的超美甜點！夏の和菓子。金魚の和菓子。水の宿。迷你水族館果凍。鯉魚凍。金魚の和菓子。銀河和菓子。星夜。清流。氷菓子。水信玄餅。龜屋則克。夜間節慶。雲の峰可惡，看完好想入手啊！（怒吃台灣名產毒布丁）,排名
3,20張不確定為什麼，但看完會有滿足感的照片,看完這篇整個通體舒暢啊！據說有潔癖的人，效果Double（無誤）。完美重疊的訂書針與分隔線鑲在一樣大小磚塊裡的體重機跟紅燈精準Hi five的路人為四片360的遊戲而生的抽屜剛開封的棉花棒包裝自以為是空心球的空心雞毛毯子徹底潔淨的角落一氣呵成的蛋殼剝橘子的最高境界尚未被客人破壞的店面過關斬將的方塊們100％使用率的櫃子沒有任何要借過的意思的車和椅子無縫接和的筆電不合邏輯也沒關係的三角和保險理賠擦身而過的車主排排站儀錶板中年男子的小確幸,排名
3,如果你現在二十幾歲，你國小時可能擁有這些物品…,"如果你是老師，你會忍不住會心一笑；如果你是學生，你也會感到心有戚戚焉。這些整齊排列的""贓物""都是老師從學生手中沒收而來，現在成了展覽藝術品。收藏家Guy Tarrant早從1996年就開始四處收藏上百所英國學校的沒收物品。這些物品包括電子雞、Gameboy、紙條、手機（V3）、神奇寶貝卡片，甚至學生自製的武器。Tarrant帶著這些沒收物品舉辦過大小展覽，他將這項企劃命名為""叛逆物質（Resistant Materials）""，象徵學生與學校的對抗。",排名
3,做作女退散！男生模仿女生自拍時常用的姿勢,如果你也受夠了過度自拍的女生，這篇會是你的菜。Instagram上興起一股新風潮：男生模仿女生的各種拍照pose自拍。起初只是一個名為brosbeingbasic的帳號在惡搞，沒想到或許是不小心戳中大家的心聲，許多男性路人也加入調侃的行列，拍出各種女性風格的自拍照。騷貨們的集體自拍。 健身房的鏡子反射自拍。被周圍的人用怪異眼神看待也沒關係。孕婦的自拍。有哪個孕婦沒拍過的嗎？“只是在看外面但不小心被拍到了”的自拍。溫暖的咖啡自拍。再熱也不能脫掉圍巾跟毛帽。對鏡頭展示甜點自拍。搭配啾咪效果會更佳。展現新衣服自拍。用app做成拼貼效果是一定要的。只要有鏡子就一定要自拍的自拍。熱狗腿自拍。熱狗腿是去年的自拍風潮，請點此。重點其實不是狗的自拍。當然是自己。,排名
3,為什麼昨晚台北101、帝國大夏、東京鐵塔都是藍色的？,你知道為什麼昨晚世界各地的地標都打上了藍色燈光嗎？與愚人節無關，而是有著更重要的意涵。每年的四月二號是世界提高自閉症意識日，世界各地總共有約一萬三千棟建築會打上藍色燈光，為的是喚起大家對自閉症的意識。包括台北101、帝國大厦、澳門旅遊塔、東京鐵塔、帆船酒店，甚至尼加拉瀑布等都參與了這項名為Light It Up Blue的打燈活動。自閉症是一種因腦部功能異常而導致的發展障礙，患有自閉症的人在生活上時常遇到人際關係、語言表達、行為上的障礙。全世界約有七百萬人患有自閉症。帝國大夏，美國紐約。澳門旅遊塔，中國澳門。里約熱內盧基督像，巴西里約熱內盧。尼加拉瀑布，加拿大安大略省。西恩塔，加拿大多倫多。時代廣場，美國紐約。帆船酒店，阿拉伯聯合大公國杜拜。台北101，台灣台北。兵庫大佛，日本兵庫縣。姬路城，日本姬路。上海環球金融中心，中國上海。雲門（又稱豆莢），美國芝加哥。Colpatria塔，哥倫比亞波哥大。東京鐵塔，日本東京。支持星星兒！,排名
4,一支超壯觀的科幻短片，關於人類 vs 外星大鯨魚！,人類面臨的怪獸種類再增一枚！「利維坦」是來自希伯來聖經中的怪物（原型可能來自鯨魚或鱷魚），在基督教裡則是七宗罪中「嫉妒」相對應的惡魔。影片中，人類使用各種未來科技獵捕（被獵捕？）這隻巨獸。影片由Ruairí Robinson製作，目前是一個科幻片企劃的概念階段，卻已經在網路上造成轟動。會飛還超靈活，實在太為難人類了啊啊啊！,新奇
4,可愛的「害羞的人專用的表情符號」,是你害羞內向的人嗎？請進來吧！這套表情符號是專門為你而設計的。碰到不知道該怎麼表達的感受，讓這些可愛的無臉人幫你吧！設計師Rebecca Evie Lynch創造了超過30個表情符號給不善言語表達的人。企劃靈感出自於她交往三年的男友與她以“我需要更多空間”為由分手，讓她突然領悟到自己有時候對內向的人無法充分理解。這項企劃目前還是原型並正在採納意見的階段，一旦大功告成，會製作成可以免費下載的app。,新奇
4,人類史上90個最偉大的建築成就,如果你是建築迷，你對這張圖解海報會毫無抵抗能力。包括杜拜塔、台北101、香港環球貿易廣場、東京晴天塔等知名建築都在這張海報上齊聚一堂。這張海報是Pop Chart Lab的作品。海報中彙整了90個世界各地最傑出的建築，並以極簡風和發想自建築藍圖的設計風格彙整起來。對海報有興趣的人可以點此預購。點圖可放大（或點此）。,新奇
4,有沒有這麼怕雨？日本的全方位雨傘,如果你滴到雨就會爆怒，這把這顆雨傘會是你的好選擇。你一定有過大雨滂沱撐傘的經驗，雨傘最後的下場往往是盛開成一朵美麗的花。這把全方位雨傘讓你免去這樣的困擾，從外觀上看起來就像五把傘合體，在裡面的人想被雨淋到也難。透明的傘面也能讓你清楚看到周遭。這是新加坡攝影師Kiks Balayon在日本東京拍到的作品。為什麼不乾脆做成一顆球呢？下雨天路上一堆球撞來撞去一定很可愛阿！（大心）,新奇
4,這部名為「白痴」的動畫會讓你看見人類有多白痴,這是你看過最白癡的動畫（無誤）。動畫名稱為《白痴》，原名寫法則是iDiots，故意嘲弄蘋果產品的名稱。影片中充滿許多可愛的機器人，卻在排隊買了某奇怪品牌的智慧型手機以後，整個機器人社會面臨白癡化。這部可愛的影片看似在嘲諷現代人對手機的黏著度以及一窩蜂的文化，但事實上，卻是對某大品牌（及其粉絲）的打臉影片（請看到最後）。,新奇
4,當你辭職9個月環遊世界，這就是你可以見識到的美景,曾經想過如果勇敢辭掉工作、旅行世界各地會發生什麼事嗎？這位老兄真的這麼做了，而他所拍下的照片會讓你有辭職的衝動。Raf Horemans辭掉了工作、買了一台好相機，然後就開始努力完成環遊世界的夢想。他開了一個部落格Homebound Blues存放他所拍到的一切景象。,新奇
4,每一句話後面加個笑臉符號，這個世界會變得更美好,你一定有過這樣的經驗：看著對方傳來的訊息，心裡不斷想著對方說這句話時的表情。不管是簡訊還是LINE，看不到對方總是讓人心中出現一點不確定感。廣告公司Conill幫牙膏品牌Crest設計了這些標語為“一抹微笑可以改變一切”海報。海報上寫著令人擔心、不安的句子，但透過一個簡單的表情符號，一切都顯得不那麼窘迫了。誰能想到一個冒號加上一個括號，會有這樣的魔力呢？正在前往醫院／正在前往醫院 :)你害我哭了／你害我哭了 :)我找到那些照片了／我找到那些照片了 :)今天整天都會下雨／今天整天都會下雨 :)女友表示：我昨晚劈腿並且把你銀行存款都提光了 :),新奇
4,日本人在秋天吃的另類美食：炸楓葉,沒錯，這不是造型而已，而是真的油炸過的楓葉！不是隨便路上撿個葉子都能炸，而是必須先在鹽桶中泡個一年後，才炸成帶著微甜的炸楓葉。傳說中，炸楓葉在日本已經有上千年的歷史，甚至老過天婦羅。由於葉子本身味道不重，主要依靠麵包粉的種類和製作的地點，而油炸時會加入糖和芝麻。該說這是天婦羅的奇形種嗎？（驚）,新奇
4,你眼中的這件洋裝是什麼顏色：藍＋黑 or 白＋金？,這絕對是今天網路上最熱門的問題。沒有人能說定這件條紋洋裝是什麼顏色，因為大家眼睛看到的都不同！每個人的立場都十分堅定，並認為另一方在故弄玄虛、惡搞。然而，這兩種配色的支持者都太多，才讓大家發現：原來沒人開玩笑，而是真的各自看到不同的顏色。整件事會爆發是因為一位名為Swiked在網路上po了這張照片，寫道..而現在這個問題席捲各大網站，把網路世界硬生生分成兩邊。大家調整螢幕色彩、更換裝置等等，卻依然沒有定論。根據BuzzFeed目前投票結果(基於約一百萬人的驚人票數)，有74％的人看到的是白＋金，有26％的人看到的是藍＋黑（阿放看到的是藍＋黑，並深深懷疑是外星人在惡整人類）。根據The Verge的報導，人類眼睛對於藍光相對於暖色系來說較難分辨，而在低光源之下，會讓我們看見不同的調。然而，這卻無法解釋網路對這件洋裝的反應為何會如此巨大。更新：洋裝真正顏色已出爐，請點此。,新奇
4,殭屍艾莎是最可怕的萬聖節服裝，注意她手上拿的東西…,雖然這幾天看到不少創意十足的萬聖節服裝，但總覺得這個很必須拿出來分享小朋友心靈這麼黑暗好嗎？除了本人是殭屍版的冰雪奇緣艾莎以外。桶子裡裝的是雪人雪寶（Olaf）。,新奇
4,攝影師拍下獨一無二的紐約，整個城市像一塊小晶片,攝影師Vincent Laforet鏡頭下的紐約，如同一塊發光的小晶片。一切城市的喧囂彷彿都被黑暗中微弱的光芒所吞噬。紐約可以說是一個已經被攝影人拍到爛掉的城市，但這些獨特的空拍照片保證會讓你看見很不一樣的紐約。攝影師Laforet為此在黑夜中搭上了直昇機飛越紐約上空，而由於拍攝時風太強大，他必須將自己和所有攝影裝備緊緊綁住，才能往外捕捉到他心中理想的角度。細節實在太驚人了啊！,新奇
4,這是女人生產完後，肚子真正的模樣,看完這些女性生完小孩的照片，你會看到媽媽的偉大。攝影師Beall拍下生產後的媽媽們的上空照，收錄在“美麗的身體”企畫中。看電視上的女明星展示自己產後一個月的身材，你會以為生產不是什麼大不了的事，但實際上，每次懷孕都會在女人的身上留下痕跡。攝影師Beall表示，會想記錄下這些身體是希望能在這個“讓女人失去安全感”的世界裡，來幫她們建立自信心，以及讓下一代女性擁抱自然美。,新奇
4,台灣人的世界觀,"最近臉書上又開始流傳起阿放以前畫的惡搞地圖""台灣人的世界觀""，所以就想說冷飯熱炒一下重新po上來，至少以後大家引用時可以有個出處。畢竟當初完成時放泥就可還沒出生，而原本的來源，同時也是阿放的舊部落格已經默默荒廢n年了啊！（連VIP都來不及啟用就跟痞客邦說掰掰了Q__Q）（點圖放大）當初實在沒想到這白癡的東西可以流傳這麼久啊！XDDDD還有如果要放上臉書分享，不要再用""台灣小學生畫的世界地圖""這種名稱了，它哪裡看起來像小學生畫的啦！（翻桌）",新奇
4,震撼人類的老鷹第一視角飛行畫面，杜拜高樓擦身而過,不只讓人類體驗了老鷹的視角，地點還是高樓林立的杜拜。之前我們曾經看過拍攝於法國郊區的老鷹第一視角飛行影片，這次捕捉到了杜拜的上空，畫面更具視覺震撼力與臨場感。途中老鷹多次近距離環繞世界最高建築—杜拜塔，最後在教練的指示下降落，並獲得圍觀群眾的歡呼。老鷹的名字Darshan，身上背著是Sony Action Cam Mini。最後的俯衝實在太帥了啊！,新奇
4,爸爸用彩色小球灌滿整個家，媽媽發現後的反應很另類,這不只是惡作劇了既然找不到比“惡作劇”還over的詞，那就先以惡作劇稱之好了！爸爸趁媽媽外出時，大費周章的用彩色小球灌滿整個家，堪稱史上最誇張的惡作劇。正當爸爸跟小孩都玩得不亦樂乎時，媽媽回來了如果你回到家，發現家裡被彩色小球也淹沒，你會？A. 傻眼 B. 傷心 C. 暴怒..好，來看看這位媽媽的反應吧！,新奇
4,古日本城堡的自我防禦！當敵人一踩到「禁忌的地板」,早在數百年前，日本就研發出一個聰明的警鈴裝置。這個裝置現在依然保存於各個知名景點中，包括二條城、東本願寺等即使是親自去過的人也未必知道。經過夜鶯加持的木製地板，會發出比一般木製地板更響亮的聲響，讓入侵者即使墊腳走也無法保持安靜。夜鶯的聲響會喚醒房屋或城堡內的人，讓刺客、小偷、間諜等無所遁形。最著名的例子就是京都的二條城的夜鶯地板：超—響—亮—！但你可能會想：那這樣該如何辨別是自己人還是外人走在夜鶯地板上？答案很簡單。城堡的主人或掌管警衛的人會指定一個特定的走路速度給自己人走。這個速度只有自己人聽得出來，因此當夜鶯歌唱的速度不對勁，便可知道走在上頭的可能是入侵者。夜鶯地板底下巧妙的安裝著橫樑，橫樑上攀附著釘子。橫樑與地板並沒有完全緊合，而是留了一點空隙，因此腳步踏上地板表面後，橫梁上釘子便會如夜鶯般的作響。是否太帥！感覺很適合出現在柯南的劇情中啊！,新奇
4,比台灣紅綠燈還活潑！葡萄牙的紅綠燈會跳舞,台灣是世界上第一個採用有小綠人動畫和閃動數字的紅綠燈的國家，不過現在葡萄牙的里斯本的紅綠燈有了新噱頭，就是會跳舞的小紅人！這個小紅人並不是重播動畫，而是透過感應器反射真正在跳舞的人的動作。這是由Smart發想的idea，並不是單純的裝置藝術，其背後的動機是希望透過這樣有趣的畫面來娛樂等紅燈的人，進而間接減少闖紅燈的人數。,新奇
4,如果12個星座化身成各種恐怖的怪物,好久沒看到這麼獵奇的作品了！每次談到星座，腦中往往很難將這些虛無的概念形象化，但現在有藝術家將每個星座都畫成了實體樣貌。來自美國的數位畫家Damon Hellandbrand將12個星座繪製成各種恐怖的怪物。雙子座、巨蠍座、天枰座、雙魚座看完整個很值得作惡夢啊！你是什麼星座呢？來往下找找看吧！,新奇
4,真實世界裡的電影畫面 vs 電影院裡的電影畫面,同樣的畫面，透過不同調光，竟然瞬間可以從溫馨片變鬼片！經過Instagram的訓練，我們多少都知道調光的威力，但看完這支影片一樣讓人震撼。溫馨的房間經過調光後，立馬轉變成鬼屋或兇案現場。影片中使用的示範電影為恐怖片“The House on Pine Street”。明明知道只是示範影片，但經過調光的版本還是看得好緊張啊！,新奇
4,巴塞隆納正在建造世界奇觀！,西班牙蓋了一百三十年還沒蓋完的聖家堂（巴塞隆納大教堂）將在2026年完工，最終樣貌是你無法想像的壯觀。聖家堂完工後的模樣讓人瞠目結舌。除了現在大家熟知的那四根高柱，還多了天阿，也太多太多了吧！那四根高柱原來只是B咖，完成後的規模跟現在對比起來可以說是超展開！聖家堂於1882年開始就興建，有人質疑為何蓋這麼久，建築師高第表示「我的客戶並不急」，而這個客戶就是天主。,新奇
4,有人把IKEA便宜畫作拿給藝術家鑑定….太尷尬了這一切,把僅僅10塊美元的IKEA家具買來的畫拿給專業藝術家鑑定，會發生什麼事？答案實在是太悲劇了。不少自認專業的品酒師都在盲飲比賽中慘敗（黃國倫表示：），品畫的藝術家們是否也會有這種問題呢？荷蘭的惡搞團隊LifeHunters把IKEA家具買來的10美元畫作掛在荷蘭阿納姆博物館，並請藝術專家來鑑定。惡搞團隊介紹這幅畫的作者時，以“有名的瑞典藝術家Ike Andrews”稱之.這個名字的縮寫正好是IKEA（而IKEA來自瑞典）。畫作陳列好後，他請身邊的“藝術專家”們來發表對這幅畫的意見。“你可以明顯看到畫裡藏著象徵性的型態。”“你便宜的店裡一定買不到這種畫。”“讓我聯想到跟油有關的東西，像是鑽油井。”“它呈現了藝術家心中雜亂的思緒。”你可能會想，即使是IKEA的便宜畫作，也依然是件值得欣賞的藝術品。然而，當問到這些人願意出多少錢買這幅畫時“六十六萬六千歐元。”（你常逛IKEA的朋友在你背後，他笑得很爽。）全軍覆沒啊！心地很壞的人可以直接跳到第2:50秒看最後一位先生的反應 XD,新奇
4,戴上一秒變萌的《貓耳耳機》…耳機萌成這樣是哪招？,如果有耳機可愛度榜單，這個《貓耳耳機》絕對名列榜首！這些貓耳耳機原本只是概念，但由於太過歡迎，現在大量生產勢在必行。Wenqing Yan和Victoria Hu將原型放上網路募資，至今已經有超過一千七百萬台幣（約四百十萬港幣）的款項（超過預期的兩倍）！耳機除了有獨特的貓耳造型，並建外擴音響讓你分享音樂、LED燈光效果、充電電池等。有興趣可以點此。,新奇
4,西班牙掀起最新的染髮風潮—“像素頭髮”,這是你見過最美的挑染手法嗎？當人們覺得染髮似乎已經染不出新把戲時，這些照片這兩天爆紅網路，引起不少人嘗試。來自西班牙馬德里的髮型屋X-presion研發出新的染髮技巧能夠在頭髮上染出如同畫素的紋路。透過色彩漸層的細心安排，再搭配上頭髮本身的零散感，這些頭髮上的螢光像素彷彿在光線下閃爍著。感覺超適合染完出現在日本動畫中，穿著皮衣騎重型機車啊！（哪來的靈感）,新奇
4,有這種身材的猛男數學老師，你還會遲到或早退嗎？,女孩們（和一些男孩們），請起立跟這位身兼男模的數學老師Pietro Boselli說聲“老師好”吧！前排的同學們，鼻血先擦一下好嗎？不是你愛蹺課，是因為你沒有碰到對的老師。倫敦大學學院的一位學生發現自己的數學老師Pietro Boselli居然是一位訓練有成的男模特兒，於是將他教課時與拍寫真實的照片做成比照圖。左邊是在白板前拿著講義教課的認真老師，右邊則是..肉。根據Boselli老師在Instagram的自我介紹顯示，他擁有工程學的博士學位，並且「對健身覺得上癮」，上癮程度完全呈現在精實身材上。目前他屬於倫敦Models1模特兒公司的一員，而學生也開始分享更多Boselli老師的照片。是否痛恨自己沒有身在倫敦呢？這位老師的教學風格相當開放。老師：一到五題答案是C、A、B、B、D。,新奇
4,這件網路爆紅洋裝是“藍色加黑色”，白金隊Sorry囉！,除非你昨天人在火星，不然你一定已經加入了藍黑隊或白金隊。這件讓大家回到幼稚園智商的衣服（點此趕進度）的真正顏色是只有28％人看得到的：藍色與黑色。依據網站BuzzFeed約一百五十萬人的投票結果顯示，看到藍色與黑色（而非白色與金色）的人數只佔整體的28％。證據包括：該件洋裝的製造商已在推特上出面證實。儘管有另外三種顏色供人選擇，但沒有一種是白＋金。為什麼大家看到的顏色不同？這張圖片會解釋一切。黃光下的黑洋裝 vs 藍光下的白洋裝，取決於你眼睛的敏感度與過去經驗罷了。<結案！,新奇
4,不可思議的發明！這個小盒子直接把外面天氣演給你看,神發明無誤。了解氣象的方法不斷在演變：抬頭分析天象→打開電視看氣象報告→手機滑一滑一目瞭然。現在不用文字或圖案，讓模擬器直接演給你看！這是日本軟體工程師Ken Kawamoto所發明的高科技產品Tempescope。乍看下是個小玻璃盒子，但裡頭卻可以演出明天的氣象。如果下雨，雨滴會滴滴答答的落下；如果起霧，一朵雲會在裡面冉冉升起。氣象來源則是取自網路。Tempescope一開始只是Kawamoto週末時的企劃，當時連盒子都是使用洗髮精的瓶子製作，但現在已經大功告成，成為精緻、美麗的氣象預報器。這比手機裡一成不變的模擬動畫美多了！,新奇
4,男人的堅持！大學中輟、耗時五年，只為完成一架紙飛機,"紙飛機也敢拿出來說嘴？看完以後就會知道為什麼了。別覺得花五年很浪費，有多少人一輩子能有機會留下這樣的人生代表作呢？設計師Luca Iaconi-Stewart手工打造了一架1:60的波音777模型，這架飛機細節多到連椅背上的電視、馬桶上的坐墊、逃生門的門把、一台台的餐車都看得一清二楚。如你覺得還不夠震撼，這架飛機的原料是文件夾！我也經歷過失去動機的階段，但當我完成對自己的期許與設想，那是一種非常起勁的感覺。""Luca Iaconi-Stewart原本是瓦薩學院的學生，但他已經輟學並繼續完成這台世界最強紙飛機！答案是頭等艙的坐位。經濟艙的細節也毫不馬虎。別忘了，飛機上的坐位有三百多個。而且真實世界裡沒有複製貼上這回事。讓人看了肚子餓的餐車。一台一台推進飛機的廚房。機關重重的緊急逃生門。完全擬真的架駛艙。輪胎們。飛機上當然不能沒有馬桶。魔鬼藏在細節裡。謝謝你完成了不少人童年時的夢想！",新奇
4,史上最酸老公！離婚時把自己的“所有東西”切一半送老婆,律師表示：離婚生效，夫妻雙方財產分半。老公表示：OK的，那有什麼問題（鋸）。這位德國老公在離婚時，依照離婚協議，將自己所有財產使用工具切一半送給老婆。這個看似好笑（以及白目）的idea執行起來並不容易，他動用了小至美工刀、大至電鋸才得以將所有東西切半。慘遭毒手的東西包括手機、電視、床、汽車等等。他將切好的一半送給前妻，一半自己放到拍賣網站ebay上（有興趣可以點此競標）（咦？）。根據Mashable報導，汽車最後僅以約50美元賣出。前妻表示：有種把房子切一半啊（誤）。切半過程可以點此觀看藝術品無誤。,新奇
4,世界各國的動物園集體搞笑模仿《侏羅紀世界》Chris Pratt的經典動作,影《侏羅紀世界》中的馴龍師歐文（Chris Pratt）的經典動作，被世界各地的動物園爭相效法。太可愛的風潮了！↑ 這歐文 vs 迅猛龍或許是《侏羅紀世界》中最經典的畫面，然而，卻沒想到意外引起了各國動物園的模仿潮。依照動物園與其園區的不同，迅猛龍被換成了企鵝、海象、鴕鳥等。動物們完全狀況外，動物園的員工卻玩得很開心。<事實上，不只動物園，連水族館、農場、自然保育區等都共襄盛舉。台北動物園快來參一腳啊！XD更多其他動物園的作品可以參考#Prattkeeping,新奇
4,這是認真的，彰化版黃色小鴨長這樣,感謝白沙屯拱天宮的諸位幕後推手，讓我們能夠見識經過割喉放血、瞳孔爆裂的鴨子。整個鴨子是保麗龍做的，不貴不貴，一萬塊而已。看到頭上還纏滿燈泡，實在太讓人期待夜晚發光的樣子了！（抖）下水前還放鞭炮，整個很盛大！圖片轉載自蘋果日報。根據蘋果的報導，畫面中的小朋友對著鴨子說好可愛看到台灣設計實力這樣一代代薪火相傳，太令人欣慰了！,新奇
4,這或許是日本歷史上最悠久，也是最美麗的棒棒糖,即使是給小孩吃的零嘴，日本人也要把它做得無懈可擊。我們之前曾經被日本路面上的水溝蓋驚呆過（初次使用“驚呆”兩個字，覺得時髦），現在棒棒糖都讓人驚嘆。這些雕工精細棒棒糖（飴細工）是日本傳承了一千兩百年的歷史結晶。光看作品你可能會以為是哪位老師傅的作品，但其實出自26歲師傅手塚新理。手塚新理在東京淺草區開了一間糖果店Ameshin，而他的手工棒棒糖由於造型逼真，讓他躍上各大國際媒體。在中國也有所謂的“糖人”，但這項民間手工藝正在逐漸凋零，往往以小販的形式在路旁兜售。手塚新理同時也開放展示製作過程（需事先報名），並讓你製作自己的造型。,新奇
4,10秒內看懂足球在踢什麼（根據諷刺的美國人）,這是世界盃足球賽的10秒縮影版本（誤）。足球雖然風靡世界，但仍然有不少人抵抗足球，原因就是影片中的現象。然而，儘管這種現象普遍存在於足球當中，卻也逐漸演變球場上的策略，反倒成為足球的一項特色，比賽也因此增添複雜性。不論影片是否太過諷刺，還是符合實際，看完不管你懂不懂足球，心情都會大好啊！,新奇
4,讓小孩一夜長大的大白鯊嬰兒床,不用像梁靜茹一樣愛得死去活來，只要睡過這個大白鯊嬰兒床，保證讓你的小孩“一夜長大”。這是紐約43歲的雕刻師父Joseph Reginella花費一個禮拜完成的嬰兒床。動機其實只是想說如果嬰兒床不走可愛路線，而走恐怖路線的話，應該會很好笑。而聽到他的朋友懷了兒子，決定開工！儘管反映普遍良好，但也有人無法接受這個玩笑。床身居然還傾斜，實在太邪惡了啊！,新奇
4,卡車後面的螢幕播放前方路況，台灣超需要,台灣馬路上，大貨車、小客車、機車各自坐擁一定的比例。加上台灣山路多，有時候前方車輛的後照鏡＋後方車輛駕駛的眼睛依然不足應付。超車→最後造成與對向車道的汽車相撞是造成死亡交通事故的一大主因。三星在阿根廷推出了可以以螢幕即時播放前方路況的卡車，讓後方的其他車輛可以依照路況決定是否超車。這項技術即使在晚上，也依能夠將路況清楚顯示在螢幕上。有Youtube網友表示，在上面播放謎片可以從此終結超車。,新奇
4,"小時候被諷失敗典範，長大後他雕出""比細胞還小""的作品","他的雕刻不放在展覽館裡，放在針頭上。別懷疑，就是縫衣服時，看到流目油還是無法讓線穿過的那個針。請全文托住下巴閱讀，以免太過震驚而脫落。來自英國的Willard Wigan從小有閱讀障礙，甚至被老師嘲笑為""失敗的典範""。當年，他媽媽告訴他""你不能讀，也寫不好字，但你越往細處鑽研，你將越有成就""。沒有人能料到，現在他精緻的微型雕塑被譽為""世界第八大奇蹟""，更被英國女皇頒發大英帝國成員勳章。早在五歲時，他就對微型雕塑很感興趣。當時他以為螞蟻在找房子，所以幫螞蟻蓋了小屋，還幫牠們做了鞋子跟帽子當然，螞蟻可能沒有領情，但他的雕塑生涯卻已經默默以可愛的形式展開了。Wigan小到必須從顯微鏡中才能看得清楚，其中甚至不乏小過人類紅血球的作品。",新奇
4,如何靠一支正常的叉子，讓你在家或旅行時能保護自己,如果你一個人住，怕門把鎖不夠安全，一把叉子可以幫助你。製作過程會需要動用鋸子等工具（走一趟學校的工藝教室吧！），但一旦完成後，便成為旅行外出時，能夠隨身攜帶的安全鎖，並且不用花到半毛錢。對於負擔不起裝設警鈴系統或防盜鎖的人來說，一把叉子就能省下你睡前把沙發移到門後的時間與精力。看到製作過程覺得好懶，但看到成果就整個立馬被鼓勵到啊！,新奇
4,一張圖告訴你沒有所謂的“我只是骨架大”,一位Reddit使用者1406dude上傳了一張X光圖，標題寫著“沒有人是所謂的骨架大，請自己多努力”，引起大量迴響。或許無大骨架之說有待查證，但是否能果斷決定一個人的身材也值得好好深思。腿的骨頭看起來快斷掉了啊啊啊！,新奇
4,在上升電梯中倒入大量的彩色小塑膠球，會發生一件奇妙的事..,手扶梯除了有夾頭髮、掀頭皮的功能以外，也是有很歡樂的使用方式的。有人突發奇想，在往上升的手扶梯上倒入大量的彩色小塑膠球，結果讓手扶梯形成一個自我生態體系彷彿能量在這段距離當中，無限循環著。看著小球落下後，又被手扶梯接起來往上移，然後再度掉下來，莫名的好有滿足感啊！如果發現同樣影片有中文字幕，請提供連結。謝謝！:)這個的滿足感才是漫了出來啊啊啊啊啊!!,新奇
4,他聽見聲音時會看到畫面，於是他把“聲音的樣子”畫了下來,你可能不會相信，但有些人聽到聲音時是會看到畫面的。譬如說，特定的某種聲音時，就會看見某種色彩。“聲音”對他們來說，不僅僅只是聽覺而已。這種症狀稱為「聯覺」。聯覺的症狀分為很多種，包括字形→顏色、聲音→顏色、詞法→味覺等等。估計每23個人中會有1人就擁有某種聯覺。這位畫家Melissa McCracken所擁有的就是聲音→顏色的聯覺。她表示，身為聯覺人，當他聽見音樂時，就會看到源源不絕的色彩與紋路。她所看到的這些畫面很難描述，於是決定用油畫畫下這些她每天都會體驗到的感受。每幅畫她都註明了是聽到哪首歌時所看見的畫面。,新奇
4,你絕對想不到一個髮夾可以有這些功能,在你頭上藏個暗器如何？這個髮夾可能可以在你危急時，幫你一個大忙！看完即使身為男生也非常想入手啊！有些人習慣戴瑞士刀在身上，以便不時之需，但如果你是女生，考慮一下這功能多到很扯的髮夾吧！帶著它如同帶著一套工具組在頭上。眼鏡鬆掉，直接鎖緊。緊急時刻可以用來架油燈鋸齒狀的邊緣可以切斷繩索感覺被綁架;或出遊時會非常實用啊！只是希望這些功能不會不小心使用在自己的頭髮上就是了（認真）。有興趣的人可以點此以約10塊美金入手。,新奇
4,肯德基新推出“雞排夾熱狗”，咬一口就懂什麼叫自暴自棄,"肯德基這次玩大了！繼去年在南韓放過大絕以後，這次更推出了淋著起司醬的“炸雞排夾熱狗”，就是要挑戰你的心臟和恥度。這是肯德基今天在菲律賓特定店家所推出的限時活動，每家店只限定50個。希望幸運吃到的客人都還沒送醫。<不少今天買到的客人拍下照片與心得@jmnpb996@takethecannoli3here's a shot of it in the wild.pic.twitter.com/PsNsK5KZsZMike Brandes (@mikebrandes)January 26 2015""It was love at first bite!""Says Christian. 3 down 47 left at the Fort Triangle Branch.#NewKFCDoubleDownpic.twitter.com/B5eQY2PhasKFC Philippines (@KFCPhilippines)January 26 2015去年在南韓推出的“炸雞夾著漢堡肉”：豪大大雞排要考慮跟熱狗攤合作一下嗎？",新奇
4,你的臉擦防曬油 vs 沒擦防曬油，看完你會從此乖乖防曬,"擦不擦防曬油，竟然有著天壤之別！肉眼看不到，但透過紫外線鏡頭，你會立刻了解會什麼要擦防曬！你一定多少有過""一次沒擦防曬應該不會怎樣""，最後慘遭曬傷的經驗。影片中紫外線鏡頭裡顯示""黑色""代表抗紫外線，其他無顏色的部分則代表正暴露在紫外線下。影片中不少人早已滿臉雀斑，卻渾然不知。來看看擦完防曬油後的模樣吧！相信你會嚇一跳至少影片中的人都嚇到了啊！",新奇
4,兒子說了算！媽媽讓3歲兒子決定出門造型，成果超可愛,小孩的審美觀有多不同？來看看一位3歲小孩當媽媽的造型師一週的結果吧！由於成果實在太可愛了，甚至引發其他媽媽們效仿的風潮。部落客兼媽媽Summer Bellessa賦予了自己3歲大的兒子幫她每天打理服裝造型的權利，為期一週。他想讓媽媽穿上什麼衣服，媽媽就得照著穿。兒子收到任務後，立刻開始“工作”，把這整件事情認真看待，深怕媽媽穿上不好看的衣服。她表示兒子對於自己的聲音能被聽見很高興。兩腳穿上不同的鞋子也太可愛了！,新奇
4,再不洗手？媽媽把兒子的髒手印在培養皿上，孵化出了滿滿細菌,回家第一件事是洗手。這句話你可能從小到大聽了不知道幾百遍，現在終於能明白當中的奧義了。就像抽菸的人不看到警示圖片不戒煙（看了好像還是不一定會戒）一樣，沒有親眼目睹手上的細菌，實在很難想像手有多髒。身為老師兼微生物學家的媽媽Tasha Sturm在八歲兒子外頭玩耍回來以後，把他的髒手印在培養皿上。媽媽Sturm推測，白色的部份是葡萄球菌。葡萄球菌佈滿人類鼻子30％面積，通常不會造成影響，但有時候在發展出抗生素抗藥性時，會造成疾病。其他還包含酵母菌、真菌等等。媽媽Sturm表示，以前喜歡拿女兒的手掌來如此培養細菌，並且秀給課堂的學生看。後來女兒長大以後，手便塞不下培養皿，只好換成兒子的手。雖然我們都隨身攜帶著上百萬個細菌（抖），但回到家以後還是洗個手吧！你可不希望下面這朵美麗的花朵與你同在。還真的是“活教材”啊！快把這篇傳給你那永遠不洗手的室友或小孩吧！,新奇
4,只有愛下雨天的人會懂，一朵會隨音樂打雷的烏雲音響,對於喜歡下雨天的人來說，如果能隨時有一朵不時會雷聲大作的烏雲在家中，就實在再好也不過了！（安心感）它的名字就叫做雲，是音響跟燈的混合體，由Richard Clarkson工作室設計。外觀如同一朵雲，內部則安裝了動作感應器，能夠感受使用者的存在，並以閃電與雷聲回應。同時也能透過藍芽撥放音樂。,新奇
4,環保咖啡杯「內建」種子，喝完埋進土裡可種出一棵樹,喝完咖啡以後，就捲起袖子種樹，有什麼比這更文青了呢？當然，背後更重要的意義是對環境的貢獻。美國加州一家名為Reduce. Reuse. Grow的公司研發出可生物分解、內建種子咖啡杯。喝完咖啡以後，只要參照杯底的指示，就能把咖啡杯種成一棵樹。目前正在Kickstarter上已募資成功。該咖啡杯就算沒有被種下，依然會在180天以內自動分解，讓你不會因為喝杯咖啡就對環境造成負擔屆時販售店家將會鼓勵客人種下咖啡杯，或者將咖啡杯還給公司讓公司來種。從杯子上的“加州野花”字樣來看，杯內藏著未必是樹的種子。植樹節快到了，你上一次種樹是什麼時候的事了呢？垃圾、堆肥、RRG → 存貨＆運送 → 帶去再造林區。星巴克，快引進吧！,新奇
4,跟棺材說掰掰！超完美概念讓你死後化成一棵大樹,你想要土葬、火葬，還是…“樹葬”如何？並不是過完年就想觸大家的霉頭，但這個idea實在值得考慮。人類糟蹋完自然，至少還可以這麼做。義大利設計師Anna Citelli和Raoul Bretzel兩人研發出有機、可生物分解的“埋葬膠囊”以取代棺材。當往生者被埋入這個膠囊後，種子或樹會被種下，並靠著軀體的養分成長、茁壯。這項企劃目前受限於義大利法律禁止此類的埋葬方式，目前還只是個概念。這項企劃的目標是將所有埋葬膠囊聚集在一起，種成一整片森林。屆時，親友不用帶花、帶食物來掃墓，而是走進這片樹葉茂盛的森林中緬懷。與其砍樹來蓋棺材，反過來種樹回饋自然，有何不可呢？義大利設計師希望能以對環境友善的“埋葬膠囊”來取代棺材。緬懷往生者時不用掃墓，相反的，只要造訪這座充滿回憶的森林。每個人可以選擇自己喜歡的樹種。埋在其中的人會成為大樹的養分。不用砍樹蓋棺材、開闢墓地，還能拓展森林、回饋自然。,新奇
4,加拿大護照被紫外線燈照射後，會出現超華麗的畫面,這件事可能連加拿大人自己都不知道！只要翻開加拿大護照的內頁，再放到紫外線燈（黑光燈）下照射，立刻出現絢麗多彩的畫面。有人上個週末無意間把加拿大護照拿到紫外線燈下，沒想到卻意外發現加拿大政府心機很重，偷偷在護照裡藏了各種隱藏畫面。先不論安全效益，這些隱藏畫面的內容讓整本原本看似嚴肅的護照，瞬間變成截然不同的Party手冊。設計護照的人想必有顆少女心吧，整個好bling bling啊！,新奇
4,原本以為要被活活吃掉的攝影師，卻意外拍下得獎照片,國家地理的攝影師Paul Nicklen造訪了南極洲。打算拍攝水底畫面的他跳入水中，卻和一隻海豹面對面接觸。海豹甚至對攝影師Nicklen張開大嘴來個下馬威。攝影師Nicklen表示原本以為自己就要出意外了…恐懼又好奇的他，決定繼續觀察。但海豹發現攝影師Nicklen不是敵人，於是出自補償心態，決定餵Nicklen吃企鵝。“抱歉，剛才失禮了。這一點心意還請收下。”海豹把攝影師的相機當成嘴巴，把企鵝往相機塞。攝影師Nicklen表示：這是每個攝影師的夢。海豹甚至因為看到攝影師Nicklen沒有乖乖吃企鵝而感到擔心，怕他餓死，所以接下來連續四天都幫他找食物。而當人類用最殘忍的方式獵殺海豹時，這一切變得更諷刺了。來看看攝影師Nicklen的心得分享吧！,新奇
4,9歲的西班牙小男孩獲得國際青年生態攝影獎,來自西班牙的9歲小男孩Carlos Perez Naval今年打敗上至17歲的參賽者，靠著一張超美的蠍子奪下了今年青年生態攝影獎。青年生態攝影獎舉辦至今已經有50年的歷史，而9歲大的Carlos Perez Naval是歷年來最年輕的得獎者之一。從他的照片來看，完全看不到一絲稚氣，反而像個玩相機多年的老手。事實上，Carlos從4歲起獲得他的第一台相機時，就已經開啟他的得獎生涯了！只不過當時用的是低階相機，而現在用的是專業相機。Carlos能有如此佳績也必須一部分歸功於父母，因為他們熱愛旅行，所以讓身為兒子的他有了四處取景的機會…畢竟也不是隨便人家的後院就能找到蠍子啊！,新奇
5,爸爸預先寫好800張紙條給女兒，因為他要走了,"癌症爸爸知道自己來日不多，在超過八百張的餐巾紙上寫了勉勵女兒的話，希望能在他離開以後，繼續陪伴著她。自嘲是""餐巾紙作家""的爸爸Garth Callaghan雖然年輕，但過去兩年已經被診斷出三次癌症（一次前列腺癌、兩次腎臟癌），醫生表示他正處在高風險，Garth追問，醫生直接表明""你會因此而死""。Garth只有8%的機會可以再撐5年，這也代表，他看到她14歲女兒高中畢業的機會並不大好在Garth並沒有因此喪志，反而為她女兒未來的便當準備了超過八百張的餐巾紙，每張都寫下了一句人生智慧，希望能讓女兒知道，他永遠會一直想著她。寫餐巾紙其實是父女倆的小習慣，爸爸寫好後讓女兒跟便當一起帶去學校，女兒讀完也會回覆像是""弓箭要往後拉才能射出，所以當人生牽絆著你，代表你將被射到更棒的地方""的話。如果機會沒有來敲門，主動蓋扇門吧。""做或不做，沒有所謂的嘗試。""當你需要幫助時，求助於人並不丟臉。真的，問我吧，我就在你身邊。""如果你想走得快，你可以獨行。如果你要走得遠，你就必須找個伴。""還記得那個放棄的人嗎？沒有人記得。""親愛的Emma，每當我需要奇蹟時，我就會看著你的雙眼，並發現我早就已經創造出奇蹟了。愛，爸爸""雖然這八百張餐巾紙有天會用完，但這份父愛會永遠延續。",情感
5,男人們聽到自己要當爸爸了的第一反應，會打開你眼睛裡的水龍頭,從男孩變成男人的那一剎那堪稱最催淚的廣告主多芬拍攝過不少女性為主的社會實驗，而這次則彙整了許多男人們在第一次聽到自己準備成為爸爸時的感人時刻。影片中，懷孕的媽媽們用各種方式傳達自己懷孕的消息，包括送禮、送卡片等等。啊啊啊，好催淚啊！,情感
5,他每一天都對女友求婚，女友卻完全沒發現,他全年365天每天都對女友求婚一次，女友卻完全矇在鼓裡，直到第365天。Dean Smith將女友邀請到阿魯巴的海灘上，然後拿出iPad讓她看了這段影片。影片中記錄下Smith每天對他的求婚紀錄，其中甚至有幾天就在她面前求。不只為期一年，他甚至算好配樂時間，每天對嘴唱一小段。影片最後寫著“Turn Around（轉過身）”，猜猜她轉身後看到什麼？洋蔥！洋蔥！洋蔥啊！（淚崩）,情感
5,當婚禮攝影師說“Kiss”時，小花童以為被cue立刻..（羞）,位4歲小女孩搶盡新郎與新娘的風頭。這場在美國田納西州的婚禮，在拍照時出現一段意外又可愛的小插曲。攝影師Bullard在接受BuzzFeed採訪時表示，女孩當天自稱是新娘，所以當他要求新娘跟新郎接吻時，女孩便誤以為是在跟自己講話，於是抓了一旁的花童親了下去。“看到這樣的時刻發生，並且順著本能地按下快門就是我熱愛攝影的原因”。,情感
5,第一次看見蒲公英的小男孩的反應，提醒你快樂其實可以很簡單,還記得你小時候對蒲公英的熱情嗎？這位爸爸Tom Fletcher帶著兒子去踏青。他摘起地上的蒲公英並吹散上頭的種子以後，兒子笑到完全無法停止。隨後爸爸也被兒子的笑聲感染，父子兩人樂不可支。爸爸在敘中寫道“這就是為什麼當爸爸是件很棒的事”。爸爸的身份是英國樂團McFly的吉他手兼兒童文學作家。每一秒鐘都好療癒啊！,情感
5,全城演戲！為了一位5歲癌症病童,"為了完成5歲白血病病童的心願，整個舊金山今天成了蝙蝠俠裡的高譚市，上萬市民們集體陪著小孩一起演了一齣或許是人類史上最感人的戲！5歲的Miles Scott在才1歲時就被診斷白血症，直到今年中病情才終於好轉。他短短的人生中有4／5都在接受難熬的療程，這是連大人也難以承受的。他的夢想是成為""蝙蝠小孩（Batkid）""。為了達成他的願望，慈善機構Make-A-Wish發動聯署，希望能把舊金山變成蝙蝠俠裡的高譚市，沒想到居然一夕爆紅，有一萬兩千多人回覆！於是今天舊金山市成了一日高譚市。全城動員了警察、大量臨演、包含蝙蝠車在內的道具等，所有市民都等著穿上蝙蝠俠裝的Miles Scott來拯救。蝙蝠俠跟蝙蝠小孩商討該如何解救她。解救成功！人質好感謝蝙蝠小孩！再來也別忘了趕快把炸彈搬走。路邊民眾拿起""你是我的英雄""的海報。糟糕，謎天大聖本尊出現！據報，他打算去搶銀行！好險有蝙蝠小孩，即時阻止了他的邪惡計畫！蝙蝠小孩看著他誓死捍衛的人民。真是一波未平一波又起！舊金山巨人隊的吉祥物居然被企鵝先生綁架了！別擔心，蝙蝠小孩在此，馬上又順利化解危機！吉祥物好開心，謝謝蝙蝠小孩！市民們聚集市政府期盼蝙蝠小孩的出現。舊金山市長本人獻上城市之鑰，感謝他對高譚市的偉大貢獻。甚至美國總統歐巴馬也錄了一段話勉勵。舊金山的報紙印了一份特別版，張揚蝙蝠小孩的英勇事蹟。謝謝蝙蝠小孩啟發了整座城市的愛心。蝙蝠小孩可能自己不知道，他從一歲開始就值得這些掌聲了。長大以後一定要更堅強！",情感
5,兩個學生每周偷溜進教室，做出一件件美好的事,"儘管已經爆紅，目前還是不知道這兩個人是誰，只知道他們署名Dangerdust（危險塵埃）他們最近在哥倫布大學藝術與設計學院引起轟動。他們每個禮拜都會潛入教室，留下畫工精細的黑板畫。畫中除了許多發人深省的名言以外，也包含一些書的封面。他們表示自己對電腦感到厭倦，而在黑板上畫圖可以讓他們重拾熱情。這兩個人是廣告和平面設計的學生，但不希望透露自己的身分。於是，每個星期一，哥倫比亞大學的學生都能看到這美到讓人傻眼的黑板畫。這個宇宙並不是每一件事都要對得起你。唯一能做好一件事的方式是，熱愛你所做的事""如果你還沒找到，就繼續尋找。別屈就""當你找到適合的，你的心會告訴你。學會舉一反三""喔，那些你即將前往的地方！好的人為自己奮鬥，偉大的人為自己以外的人奮鬥。只要奶油夠多，一切都很好。別以為花時間揍牆壁就可以把它變成一扇門。All You Need Is Love.我們的本質中脫離不了我們的根。癌症不是一個人的事，是一家人的事。我為探索自己所知而撰寫。在完成之前，一切都看似不可能。你打混時卻依然想完成的事，或許該成為你這輩子繼續做下去的事。如果你還在替人生尋找方向，希望這些名言能幫到你一點忙。請分享出去讓更多人能看到這兩位學生的熱情，以及這些充滿智慧的名言吧！",情感
5,當他看到自己的愛人30年以後的模樣，臉上表情＝無價,當他看到自己的愛人被化上老妝，反應可能不是你想的那樣這一對年輕的情侶在專業化妝師的幫忙下，互相看到了對方50歲、60歲，一直到90多歲的模樣。兩人出現的反應始料未及：無法停止哭泣。婚姻說穿了只是個名號，但和愛人共度一輩子卻是最奢侈的浪漫。這對情侶的反應或許是相愛的人才懂的感受吧！看完以後，想想你的另一半90歲的模樣吧！,情感
5,別替愛貼上標籤：讓路人從驚訝到鼓掌的各種「愛」,看完影片真的只有這種感受：什麼性向、種族、宗教上的隔閡，一切突然都變得荒謬至極。廣場出現超大電視牆，播著X光照射後的兩個身體。眾人圍觀時，總假設牆後是一男一女，直到背後的人走出來或許你過得安逸的生活，但這世界不斷有人因為自己的「不同」無法被接受，並遭受傷害。愛不該被貼上任何標籤。最後一對的擁抱好偉大。,情感
5,只為看到癌症老婆的笑容，他穿上粉紅色澎澎裙環遊世界,"穿著粉紅色澎澎裙的中年男人，不怕異樣的眼光，在世界各地上空自拍，背後的原因只有一個就是看到他老婆的笑容。當老婆被診斷出癌症時，攝影師Bob Carey決定走遍世界各地，在各種老婆意想不到的地方拍下搞笑的照片，抱著能讓老婆多開心一秒是一秒的決心。老婆表示，她笑越多，心情就越好，她甚至將照片分享出去，間接鼓勵到其他的癌症病患。現在更出現了""澎澎裙企劃，號召更多人加入鼓勵癌症病患的行列。",情感